"Benchmark","Mode","Threads","Samples","Score","Score Error (99.9%)","Unit","Param: bufferSize","Param: inputFile","Param: nbRows","Param: quoted","Param: wrapWithBufferedReader"
"com.univocity.articles.jmh.CommonsCsvParser.parseFile","avgt",1,50,20.56858062426519,0.12035782200239792,"us/op","","./worldcitiespop.txt","1","true","false"
"com.univocity.articles.jmh.CommonsCsvParser.parseFile","avgt",1,50,19.32734064126709,0.09784410220337221,"us/op","","./worldcitiespop.txt","1","false","false"
"com.univocity.articles.jmh.CommonsCsvParser.parseFile","avgt",1,50,41.33893658228455,0.16796607092364965,"us/op","","./worldcitiespop.txt","10","true","false"
"com.univocity.articles.jmh.CommonsCsvParser.parseFile","avgt",1,50,34.09584258674391,0.1410234374786797,"us/op","","./worldcitiespop.txt","10","false","false"
"com.univocity.articles.jmh.CommonsCsvParser.parseFile","avgt",1,50,252.78751185895783,0.885322414690911,"us/op","","./worldcitiespop.txt","100","true","false"
"com.univocity.articles.jmh.CommonsCsvParser.parseFile","avgt",1,50,178.2454971941595,0.16749759086797303,"us/op","","./worldcitiespop.txt","100","false","false"
"com.univocity.articles.jmh.CommonsCsvParser.parseFile","avgt",1,50,2387.384028707662,10.93929431738491,"us/op","","./worldcitiespop.txt","1000","true","false"
"com.univocity.articles.jmh.CommonsCsvParser.parseFile","avgt",1,50,1774.3370006406515,6.008248437636718,"us/op","","./worldcitiespop.txt","1000","false","false"
"com.univocity.articles.jmh.CommonsCsvParser.parseFile","avgt",1,50,24230.67827872464,54.2672393904458,"us/op","","./worldcitiespop.txt","10000","true","false"
"com.univocity.articles.jmh.CommonsCsvParser.parseFile","avgt",1,50,16902.109423361308,42.9352551098394,"us/op","","./worldcitiespop.txt","10000","false","false"
"com.univocity.articles.jmh.CommonsCsvParser.parseFile","avgt",1,50,242771.7196999999,783.2339852462985,"us/op","","./worldcitiespop.txt","100000","true","false"
"com.univocity.articles.jmh.CommonsCsvParser.parseFile","avgt",1,50,169558.4676971428,597.4415670572434,"us/op","","./worldcitiespop.txt","100000","false","false"
"com.univocity.articles.jmh.CommonsCsvParser.parseFile","avgt",1,50,2405679.0525799994,22975.9336476255,"us/op","","./worldcitiespop.txt","1000000","true","false"
"com.univocity.articles.jmh.CommonsCsvParser.parseFile","avgt",1,50,1659921.29058,7062.435878846562,"us/op","","./worldcitiespop.txt","1000000","false","false"
"com.univocity.articles.jmh.CommonsCsvParser.parseFile","avgt",1,50,7660950.743640001,17236.926349301804,"us/op","","./worldcitiespop.txt","-1","true","false"
"com.univocity.articles.jmh.CommonsCsvParser.parseFile","avgt",1,50,5352189.123640001,31972.051671885692,"us/op","","./worldcitiespop.txt","-1","false","false"
"com.univocity.articles.jmh.GenJavaParser.parseFile","avgt",1,50,22.59896411614971,0.2022155755410795,"us/op","","./worldcitiespop.txt","1","true","false"
"com.univocity.articles.jmh.GenJavaParser.parseFile","avgt",1,50,22.267399261545087,0.2319803194805667,"us/op","","./worldcitiespop.txt","1","false","false"
"com.univocity.articles.jmh.GenJavaParser.parseFile","avgt",1,50,49.650267740574854,0.15252617188500983,"us/op","","./worldcitiespop.txt","10","true","false"
"com.univocity.articles.jmh.GenJavaParser.parseFile","avgt",1,50,43.13400964947793,0.1234965980426041,"us/op","","./worldcitiespop.txt","10","false","false"
"com.univocity.articles.jmh.GenJavaParser.parseFile","avgt",1,50,377.7244301750142,0.7028952753202778,"us/op","","./worldcitiespop.txt","100","true","false"
"com.univocity.articles.jmh.GenJavaParser.parseFile","avgt",1,50,306.12356133017454,0.9781288592168649,"us/op","","./worldcitiespop.txt","100","false","false"
"com.univocity.articles.jmh.GenJavaParser.parseFile","avgt",1,50,4066.588596410206,5.595334089956446,"us/op","","./worldcitiespop.txt","1000","true","false"
"com.univocity.articles.jmh.GenJavaParser.parseFile","avgt",1,50,3345.93027591635,27.755481763756347,"us/op","","./worldcitiespop.txt","1000","false","false"
"com.univocity.articles.jmh.GenJavaParser.parseFile","avgt",1,50,47756.030323043466,409.66392497238024,"us/op","","./worldcitiespop.txt","10000","true","false"
"com.univocity.articles.jmh.GenJavaParser.parseFile","avgt",1,50,38595.54180827585,109.50913832244103,"us/op","","./worldcitiespop.txt","10000","false","false"
"com.univocity.articles.jmh.GenJavaParser.parseFile","avgt",1,50,480664.7135866667,1565.907486251183,"us/op","","./worldcitiespop.txt","100000","true","false"
"com.univocity.articles.jmh.GenJavaParser.parseFile","avgt",1,50,388596.61957333336,1631.2867210611662,"us/op","","./worldcitiespop.txt","100000","false","false"
"com.univocity.articles.jmh.GenJavaParser.parseFile","avgt",1,50,4874111.33186,28141.929014647434,"us/op","","./worldcitiespop.txt","1000000","true","false"
"com.univocity.articles.jmh.GenJavaParser.parseFile","avgt",1,50,3986230.8925799998,81385.92704528633,"us/op","","./worldcitiespop.txt","1000000","false","false"
"com.univocity.articles.jmh.GenJavaParser.parseFile","avgt",1,50,1.5190696923780005E7,173571.71049911532,"us/op","","./worldcitiespop.txt","-1","true","false"
"com.univocity.articles.jmh.GenJavaParser.parseFile","avgt",1,50,9642639.701700002,9489.001679000192,"us/op","","./worldcitiespop.txt","-1","false","false"
"com.univocity.articles.jmh.JCsvParser.parseFile","avgt",1,50,21.748164360765262,0.192107313202185,"us/op","","./worldcitiespop.txt","1","true","false"
"com.univocity.articles.jmh.JCsvParser.parseFile","avgt",1,50,21.078284181193506,0.07295224603655151,"us/op","","./worldcitiespop.txt","1","false","false"
"com.univocity.articles.jmh.JCsvParser.parseFile","avgt",1,50,32.602758074853334,0.1558244676845901,"us/op","","./worldcitiespop.txt","10","true","false"
"com.univocity.articles.jmh.JCsvParser.parseFile","avgt",1,50,28.27691815663326,0.15390222672078452,"us/op","","./worldcitiespop.txt","10","false","false"
"com.univocity.articles.jmh.JCsvParser.parseFile","avgt",1,50,145.16135717879467,0.4756531449203249,"us/op","","./worldcitiespop.txt","100","true","false"
"com.univocity.articles.jmh.JCsvParser.parseFile","avgt",1,50,105.20854267298732,0.4889393626631889,"us/op","","./worldcitiespop.txt","100","false","false"
"com.univocity.articles.jmh.JCsvParser.parseFile","avgt",1,50,1385.196688504026,15.333364016107176,"us/op","","./worldcitiespop.txt","1000","true","false"
"com.univocity.articles.jmh.JCsvParser.parseFile","avgt",1,50,994.3021098429283,15.237824917542186,"us/op","","./worldcitiespop.txt","1000","false","false"
"com.univocity.articles.jmh.JCsvParser.parseFile","avgt",1,50,13489.664500717123,28.680526006976553,"us/op","","./worldcitiespop.txt","10000","true","false"
"com.univocity.articles.jmh.JCsvParser.parseFile","avgt",1,50,9477.737453787537,102.22179190152742,"us/op","","./worldcitiespop.txt","10000","false","false"
"com.univocity.articles.jmh.JCsvParser.parseFile","avgt",1,50,135248.5828466667,983.7274119183234,"us/op","","./worldcitiespop.txt","100000","true","false"
"com.univocity.articles.jmh.JCsvParser.parseFile","avgt",1,50,96240.90320833334,102.33795503861951,"us/op","","./worldcitiespop.txt","100000","false","false"
"com.univocity.articles.jmh.JCsvParser.parseFile","avgt",1,50,1324806.98718,3493.595130869037,"us/op","","./worldcitiespop.txt","1000000","true","false"
"com.univocity.articles.jmh.JCsvParser.parseFile","avgt",1,50,926729.22541,7891.644340270576,"us/op","","./worldcitiespop.txt","1000000","false","false"
"com.univocity.articles.jmh.JCsvParser.parseFile","avgt",1,50,4207007.677800001,4322.114479392365,"us/op","","./worldcitiespop.txt","-1","true","false"
"com.univocity.articles.jmh.JCsvParser.parseFile","avgt",1,50,2802376.6910200007,1386.0138957424142,"us/op","","./worldcitiespop.txt","-1","false","false"
"com.univocity.articles.jmh.JacksonParser.parseFile","avgt",1,50,19.923641954722502,0.11168609085023738,"us/op","","./worldcitiespop.txt","1","true","false"
"com.univocity.articles.jmh.JacksonParser.parseFile","avgt",1,50,19.72210135396315,0.08951024524491345,"us/op","","./worldcitiespop.txt","1","false","false"
"com.univocity.articles.jmh.JacksonParser.parseFile","avgt",1,50,30.715277160028712,0.04620950203886373,"us/op","","./worldcitiespop.txt","10","true","false"
"com.univocity.articles.jmh.JacksonParser.parseFile","avgt",1,50,28.08609196289303,0.12272510172714306,"us/op","","./worldcitiespop.txt","10","false","false"
"com.univocity.articles.jmh.JacksonParser.parseFile","avgt",1,50,148.931587476137,0.5546924019447893,"us/op","","./worldcitiespop.txt","100","true","false"
"com.univocity.articles.jmh.JacksonParser.parseFile","avgt",1,50,111.16406810441549,0.31943293321212557,"us/op","","./worldcitiespop.txt","100","false","false"
"com.univocity.articles.jmh.JacksonParser.parseFile","avgt",1,50,1446.0616951852123,8.218400604541193,"us/op","","./worldcitiespop.txt","1000","true","false"
"com.univocity.articles.jmh.JacksonParser.parseFile","avgt",1,50,955.6032372892118,1.8065430997355043,"us/op","","./worldcitiespop.txt","1000","false","false"
"com.univocity.articles.jmh.JacksonParser.parseFile","avgt",1,50,13840.25196676082,30.774756046081897,"us/op","","./worldcitiespop.txt","10000","true","false"
"com.univocity.articles.jmh.JacksonParser.parseFile","avgt",1,50,9486.576285310357,44.464559328177735,"us/op","","./worldcitiespop.txt","10000","false","false"
"com.univocity.articles.jmh.JacksonParser.parseFile","avgt",1,50,138428.79430111113,274.1317470276926,"us/op","","./worldcitiespop.txt","100000","true","false"
"com.univocity.articles.jmh.JacksonParser.parseFile","avgt",1,50,94629.69709166666,232.97265722393223,"us/op","","./worldcitiespop.txt","100000","false","false"
"com.univocity.articles.jmh.JacksonParser.parseFile","avgt",1,50,1358130.0232999998,6311.023834731934,"us/op","","./worldcitiespop.txt","1000000","true","false"
"com.univocity.articles.jmh.JacksonParser.parseFile","avgt",1,50,930430.9832199999,2856.3821913997003,"us/op","","./worldcitiespop.txt","1000000","false","false"
"com.univocity.articles.jmh.JacksonParser.parseFile","avgt",1,50,4376274.687259999,18046.351523967805,"us/op","","./worldcitiespop.txt","-1","true","false"
"com.univocity.articles.jmh.JacksonParser.parseFile","avgt",1,50,2960501.8484800006,10375.717676908449,"us/op","","./worldcitiespop.txt","-1","false","false"
"com.univocity.articles.jmh.JavaCsvParser.parseFile","avgt",1,50,29.023139251431175,0.6540011669327027,"us/op","","./worldcitiespop.txt","1","true","false"
"com.univocity.articles.jmh.JavaCsvParser.parseFile","avgt",1,50,28.748917406586102,0.5659197488675026,"us/op","","./worldcitiespop.txt","1","false","false"
"com.univocity.articles.jmh.JavaCsvParser.parseFile","avgt",1,50,42.44598804294341,0.6912068427698979,"us/op","","./worldcitiespop.txt","10","true","false"
"com.univocity.articles.jmh.JavaCsvParser.parseFile","avgt",1,50,40.16391437981168,0.6653864683452972,"us/op","","./worldcitiespop.txt","10","false","false"
"com.univocity.articles.jmh.JavaCsvParser.parseFile","avgt",1,50,195.94231066504403,1.6845858214790614,"us/op","","./worldcitiespop.txt","100","true","false"
"com.univocity.articles.jmh.JavaCsvParser.parseFile","avgt",1,50,171.69064794552412,1.3150686901741167,"us/op","","./worldcitiespop.txt","100","false","false"
"com.univocity.articles.jmh.JavaCsvParser.parseFile","avgt",1,50,1852.7755130858445,4.068874925053499,"us/op","","./worldcitiespop.txt","1000","true","false"
"com.univocity.articles.jmh.JavaCsvParser.parseFile","avgt",1,50,1562.305549453639,8.483406882599056,"us/op","","./worldcitiespop.txt","1000","false","false"
"com.univocity.articles.jmh.JavaCsvParser.parseFile","avgt",1,50,17586.172331458332,43.05457595609904,"us/op","","./worldcitiespop.txt","10000","true","false"
"com.univocity.articles.jmh.JavaCsvParser.parseFile","avgt",1,50,15254.065511780784,131.3320558844481,"us/op","","./worldcitiespop.txt","10000","false","false"
"com.univocity.articles.jmh.JavaCsvParser.parseFile","avgt",1,50,176731.04789428573,552.3247321209202,"us/op","","./worldcitiespop.txt","100000","true","false"
"com.univocity.articles.jmh.JavaCsvParser.parseFile","avgt",1,50,151074.97835999998,369.7044633208473,"us/op","","./worldcitiespop.txt","100000","false","false"
"com.univocity.articles.jmh.JavaCsvParser.parseFile","avgt",1,50,1738325.6173999999,4901.997904420392,"us/op","","./worldcitiespop.txt","1000000","true","false"
"com.univocity.articles.jmh.JavaCsvParser.parseFile","avgt",1,50,1503069.1668200002,7095.740514823268,"us/op","","./worldcitiespop.txt","1000000","false","false"
"com.univocity.articles.jmh.JavaCsvParser.parseFile","avgt",1,50,5528868.087679999,21160.261085475777,"us/op","","./worldcitiespop.txt","-1","true","false"
"com.univocity.articles.jmh.JavaCsvParser.parseFile","avgt",1,50,4787941.692980002,27041.904890640082,"us/op","","./worldcitiespop.txt","-1","false","false"
"com.univocity.articles.jmh.OpenCsvParser.parseFile","avgt",1,50,21.692260375708887,0.10162395997482863,"us/op","","./worldcitiespop.txt","1","true","false"
"com.univocity.articles.jmh.OpenCsvParser.parseFile","avgt",1,50,21.539446755618723,0.20069830297067595,"us/op","","./worldcitiespop.txt","1","false","false"
"com.univocity.articles.jmh.OpenCsvParser.parseFile","avgt",1,50,36.42789580247889,0.18601150305945247,"us/op","","./worldcitiespop.txt","10","true","false"
"com.univocity.articles.jmh.OpenCsvParser.parseFile","avgt",1,50,33.76606080906229,0.277227528095538,"us/op","","./worldcitiespop.txt","10","false","false"
"com.univocity.articles.jmh.OpenCsvParser.parseFile","avgt",1,50,176.95372143296873,0.6050523424241201,"us/op","","./worldcitiespop.txt","100","true","false"
"com.univocity.articles.jmh.OpenCsvParser.parseFile","avgt",1,50,164.45865604585455,1.768275357364144,"us/op","","./worldcitiespop.txt","100","false","false"
"com.univocity.articles.jmh.OpenCsvParser.parseFile","avgt",1,50,2117.7441325392674,42.62051444001371,"us/op","","./worldcitiespop.txt","1000","true","false"
"com.univocity.articles.jmh.OpenCsvParser.parseFile","avgt",1,50,1529.120324200002,58.52853809670599,"us/op","","./worldcitiespop.txt","1000","false","false"
"com.univocity.articles.jmh.OpenCsvParser.parseFile","avgt",1,50,19991.118939194814,70.94797345289264,"us/op","","./worldcitiespop.txt","10000","true","false"
"com.univocity.articles.jmh.OpenCsvParser.parseFile","avgt",1,50,13782.211378345692,105.8186745058119,"us/op","","./worldcitiespop.txt","10000","false","false"
"com.univocity.articles.jmh.OpenCsvParser.parseFile","avgt",1,50,201681.85515999998,4410.843683500029,"us/op","","./worldcitiespop.txt","100000","true","false"
"com.univocity.articles.jmh.OpenCsvParser.parseFile","avgt",1,50,147967.29387904765,7549.6145778945975,"us/op","","./worldcitiespop.txt","100000","false","false"
"com.univocity.articles.jmh.OpenCsvParser.parseFile","avgt",1,50,1987692.7314000009,42247.40891052877,"us/op","","./worldcitiespop.txt","1000000","true","false"
"com.univocity.articles.jmh.OpenCsvParser.parseFile","avgt",1,50,1398025.41502,56506.21115000175,"us/op","","./worldcitiespop.txt","1000000","false","false"
"com.univocity.articles.jmh.OpenCsvParser.parseFile","avgt",1,50,6376011.60992,84188.84265302707,"us/op","","./worldcitiespop.txt","-1","true","false"
"com.univocity.articles.jmh.OpenCsvParser.parseFile","avgt",1,50,4300140.597779999,26388.181073881704,"us/op","","./worldcitiespop.txt","-1","false","false"
"com.univocity.articles.jmh.OsterMillerParser.parseFile","avgt",1,50,23.51048583538722,0.08942300013165172,"us/op","","./worldcitiespop.txt","1","true","false"
"com.univocity.articles.jmh.OsterMillerParser.parseFile","avgt",1,50,23.038149554894474,0.08562303055695775,"us/op","","./worldcitiespop.txt","1","false","false"
"com.univocity.articles.jmh.OsterMillerParser.parseFile","avgt",1,50,38.474279500243654,0.25502714523541636,"us/op","","./worldcitiespop.txt","10","true","false"
"com.univocity.articles.jmh.OsterMillerParser.parseFile","avgt",1,50,32.63646310619051,0.11642400711346473,"us/op","","./worldcitiespop.txt","10","false","false"
"com.univocity.articles.jmh.OsterMillerParser.parseFile","avgt",1,50,195.65962507005835,0.6076754061704176,"us/op","","./worldcitiespop.txt","100","true","false"
"com.univocity.articles.jmh.OsterMillerParser.parseFile","avgt",1,50,143.06789298717922,0.6844816164044935,"us/op","","./worldcitiespop.txt","100","false","false"
"com.univocity.articles.jmh.OsterMillerParser.parseFile","avgt",1,50,1709.8610763676636,5.1117496534163305,"us/op","","./worldcitiespop.txt","1000","true","false"
"com.univocity.articles.jmh.OsterMillerParser.parseFile","avgt",1,50,1256.1308618398466,5.727970894639867,"us/op","","./worldcitiespop.txt","1000","false","false"
"com.univocity.articles.jmh.OsterMillerParser.parseFile","avgt",1,50,17358.619138918653,36.88969727629731,"us/op","","./worldcitiespop.txt","10000","true","false"
"com.univocity.articles.jmh.OsterMillerParser.parseFile","avgt",1,50,11970.697358152036,33.37071319245345,"us/op","","./worldcitiespop.txt","10000","false","false"
"com.univocity.articles.jmh.OsterMillerParser.parseFile","avgt",1,50,169070.09119428572,485.8107503237883,"us/op","","./worldcitiespop.txt","100000","true","false"
"com.univocity.articles.jmh.OsterMillerParser.parseFile","avgt",1,50,122735.15894822226,725.4079631108248,"us/op","","./worldcitiespop.txt","100000","false","false"
"com.univocity.articles.jmh.OsterMillerParser.parseFile","avgt",1,50,1664658.1648400002,13112.911287022709,"us/op","","./worldcitiespop.txt","1000000","true","false"
"com.univocity.articles.jmh.OsterMillerParser.parseFile","avgt",1,50,1202657.1320399998,6481.1127782823605,"us/op","","./worldcitiespop.txt","1000000","false","false"
"com.univocity.articles.jmh.OsterMillerParser.parseFile","avgt",1,50,5266317.338280001,43381.54520875537,"us/op","","./worldcitiespop.txt","-1","true","false"
"com.univocity.articles.jmh.OsterMillerParser.parseFile","avgt",1,50,4064797.8004199993,25227.778154600084,"us/op","","./worldcitiespop.txt","-1","false","false"
"com.univocity.articles.jmh.SimpleCsvParser.parseFile","avgt",1,50,22.268143218391966,0.13295846024029007,"us/op","","./worldcitiespop.txt","1","true","false"
"com.univocity.articles.jmh.SimpleCsvParser.parseFile","avgt",1,50,21.668583387975914,0.1128410335794264,"us/op","","./worldcitiespop.txt","1","false","false"
"com.univocity.articles.jmh.SimpleCsvParser.parseFile","avgt",1,50,40.386426563572066,0.1266531655089351,"us/op","","./worldcitiespop.txt","10","true","false"
"com.univocity.articles.jmh.SimpleCsvParser.parseFile","avgt",1,50,34.88367355736376,0.1365491224140741,"us/op","","./worldcitiespop.txt","10","false","false"
"com.univocity.articles.jmh.SimpleCsvParser.parseFile","avgt",1,50,209.83806218439722,0.717291112999943,"us/op","","./worldcitiespop.txt","100","true","false"
"com.univocity.articles.jmh.SimpleCsvParser.parseFile","avgt",1,50,172.28310465774743,0.3457362715218767,"us/op","","./worldcitiespop.txt","100","false","false"
"com.univocity.articles.jmh.SimpleCsvParser.parseFile","avgt",1,50,2197.649740493897,12.497593353131252,"us/op","","./worldcitiespop.txt","1000","true","false"
"com.univocity.articles.jmh.SimpleCsvParser.parseFile","avgt",1,50,1412.6059441288382,6.508426117703731,"us/op","","./worldcitiespop.txt","1000","false","false"
"com.univocity.articles.jmh.SimpleCsvParser.parseFile","avgt",1,50,20101.59420047402,49.83010761036252,"us/op","","./worldcitiespop.txt","10000","true","false"
"com.univocity.articles.jmh.SimpleCsvParser.parseFile","avgt",1,50,17309.43373473947,197.136639115787,"us/op","","./worldcitiespop.txt","10000","false","false"
"com.univocity.articles.jmh.SimpleCsvParser.parseFile","avgt",1,50,202636.4971666667,1202.1694113434332,"us/op","","./worldcitiespop.txt","100000","true","false"
"com.univocity.articles.jmh.SimpleCsvParser.parseFile","avgt",1,50,162912.73768571427,2020.166785115321,"us/op","","./worldcitiespop.txt","100000","false","false"
"com.univocity.articles.jmh.SimpleCsvParser.parseFile","avgt",1,50,2011112.4929799999,13710.713490608921,"us/op","","./worldcitiespop.txt","1000000","true","false"
"com.univocity.articles.jmh.SimpleCsvParser.parseFile","avgt",1,50,1570197.6110000003,10962.223068855625,"us/op","","./worldcitiespop.txt","1000000","false","false"
"com.univocity.articles.jmh.SimpleCsvParser.parseFile","avgt",1,50,6388397.119679997,57148.476914818384,"us/op","","./worldcitiespop.txt","-1","true","false"
"com.univocity.articles.jmh.SimpleCsvParser.parseFile","avgt",1,50,5025006.7093,40896.419382126616,"us/op","","./worldcitiespop.txt","-1","false","false"
"com.univocity.articles.jmh.SimpleFlatMapperParser.parseFile","avgt",1,50,20.61347104454407,0.08133850829459724,"us/op","_8K","./worldcitiespop.txt","1","true","false"
"com.univocity.articles.jmh.SimpleFlatMapperParser.parseFile","avgt",1,50,20.36257480700365,0.10183901000286584,"us/op","_8K","./worldcitiespop.txt","1","false","false"
"com.univocity.articles.jmh.SimpleFlatMapperParser.parseFile","avgt",1,50,31.25251524977601,0.17570789073735557,"us/op","_8K","./worldcitiespop.txt","10","true","false"
"com.univocity.articles.jmh.SimpleFlatMapperParser.parseFile","avgt",1,50,27.609217957560485,0.15071433766445871,"us/op","_8K","./worldcitiespop.txt","10","false","false"
"com.univocity.articles.jmh.SimpleFlatMapperParser.parseFile","avgt",1,50,135.1460502726615,0.32055914691684845,"us/op","_8K","./worldcitiespop.txt","100","true","false"
"com.univocity.articles.jmh.SimpleFlatMapperParser.parseFile","avgt",1,50,103.3256076284482,0.5299512521773522,"us/op","_8K","./worldcitiespop.txt","100","false","false"
"com.univocity.articles.jmh.SimpleFlatMapperParser.parseFile","avgt",1,50,1446.3534898028913,7.4535126245505,"us/op","_8K","./worldcitiespop.txt","1000","true","false"
"com.univocity.articles.jmh.SimpleFlatMapperParser.parseFile","avgt",1,50,1124.1677550997517,3.1163981698826833,"us/op","_8K","./worldcitiespop.txt","1000","false","false"
"com.univocity.articles.jmh.SimpleFlatMapperParser.parseFile","avgt",1,50,12455.330984696286,50.367416992844035,"us/op","_8K","./worldcitiespop.txt","10000","true","false"
"com.univocity.articles.jmh.SimpleFlatMapperParser.parseFile","avgt",1,50,8918.572553876938,19.03295213733823,"us/op","_8K","./worldcitiespop.txt","10000","false","false"
"com.univocity.articles.jmh.SimpleFlatMapperParser.parseFile","avgt",1,50,125513.91125777781,495.102005377812,"us/op","_8K","./worldcitiespop.txt","100000","true","false"
"com.univocity.articles.jmh.SimpleFlatMapperParser.parseFile","avgt",1,50,88887.92435384617,555.9678960538239,"us/op","_8K","./worldcitiespop.txt","100000","false","false"
"com.univocity.articles.jmh.SimpleFlatMapperParser.parseFile","avgt",1,50,1230899.1192999997,4986.393131498298,"us/op","_8K","./worldcitiespop.txt","1000000","true","false"
"com.univocity.articles.jmh.SimpleFlatMapperParser.parseFile","avgt",1,50,873013.6399699999,4319.228026396146,"us/op","_8K","./worldcitiespop.txt","1000000","false","false"
"com.univocity.articles.jmh.SimpleFlatMapperParser.parseFile","avgt",1,50,3995240.3725800007,42038.69415366761,"us/op","_8K","./worldcitiespop.txt","-1","true","false"
"com.univocity.articles.jmh.SimpleFlatMapperParser.parseFile","avgt",1,50,2714072.18212,13545.309146821324,"us/op","_8K","./worldcitiespop.txt","-1","false","false"
"com.univocity.articles.jmh.SuperCsvParser.parseFile","avgt",1,50,22.15981519950968,0.07955069939096795,"us/op","","./worldcitiespop.txt","1","true","false"
"com.univocity.articles.jmh.SuperCsvParser.parseFile","avgt",1,50,22.106221820803672,0.08259361668533952,"us/op","","./worldcitiespop.txt","1","false","false"
"com.univocity.articles.jmh.SuperCsvParser.parseFile","avgt",1,50,35.95634306204343,0.17336467030751995,"us/op","","./worldcitiespop.txt","10","true","false"
"com.univocity.articles.jmh.SuperCsvParser.parseFile","avgt",1,50,34.06295054362809,0.4377251162457731,"us/op","","./worldcitiespop.txt","10","false","false"
"com.univocity.articles.jmh.SuperCsvParser.parseFile","avgt",1,50,167.93059616348083,0.33004608602029223,"us/op","","./worldcitiespop.txt","100","true","false"
"com.univocity.articles.jmh.SuperCsvParser.parseFile","avgt",1,50,154.33105870412226,2.706740240187394,"us/op","","./worldcitiespop.txt","100","false","false"
"com.univocity.articles.jmh.SuperCsvParser.parseFile","avgt",1,50,1729.446538051563,39.64603791111038,"us/op","","./worldcitiespop.txt","1000","true","false"
"com.univocity.articles.jmh.SuperCsvParser.parseFile","avgt",1,50,1631.4210396016306,13.46240830550605,"us/op","","./worldcitiespop.txt","1000","false","false"
"com.univocity.articles.jmh.SuperCsvParser.parseFile","avgt",1,50,16155.675006164693,180.43510760304042,"us/op","","./worldcitiespop.txt","10000","true","false"
"com.univocity.articles.jmh.SuperCsvParser.parseFile","avgt",1,50,15814.733266968671,229.48614313170265,"us/op","","./worldcitiespop.txt","10000","false","false"
"com.univocity.articles.jmh.SuperCsvParser.parseFile","avgt",1,50,160623.7149292857,2085.220183470541,"us/op","","./worldcitiespop.txt","100000","true","false"
"com.univocity.articles.jmh.SuperCsvParser.parseFile","avgt",1,50,135454.35703666665,787.0334513405957,"us/op","","./worldcitiespop.txt","100000","false","false"
"com.univocity.articles.jmh.SuperCsvParser.parseFile","avgt",1,50,1596830.0151200006,22055.45566831537,"us/op","","./worldcitiespop.txt","1000000","true","false"
"com.univocity.articles.jmh.SuperCsvParser.parseFile","avgt",1,50,1301827.12828,23184.064036229684,"us/op","","./worldcitiespop.txt","1000000","false","false"
"com.univocity.articles.jmh.SuperCsvParser.parseFile","avgt",1,50,4926784.69316,68972.52320609883,"us/op","","./worldcitiespop.txt","-1","true","false"
"com.univocity.articles.jmh.SuperCsvParser.parseFile","avgt",1,50,3967037.8859800007,38592.43675611195,"us/op","","./worldcitiespop.txt","-1","false","false"
"com.univocity.articles.jmh.UnivocityParser.parseFile","avgt",1,50,4203.4467151145,10.920884552846465,"us/op","","./worldcitiespop.txt","1","true","false"
"com.univocity.articles.jmh.UnivocityParser.parseFile","avgt",1,50,4215.41694962966,9.027405387311088,"us/op","","./worldcitiespop.txt","1","false","false"
"com.univocity.articles.jmh.UnivocityParser.parseFile","avgt",1,50,4295.344514822381,8.222380925579808,"us/op","","./worldcitiespop.txt","10","true","false"
"com.univocity.articles.jmh.UnivocityParser.parseFile","avgt",1,50,4293.125001483392,8.317368288223626,"us/op","","./worldcitiespop.txt","10","false","false"
"com.univocity.articles.jmh.UnivocityParser.parseFile","avgt",1,50,4456.815934065491,13.017780450143931,"us/op","","./worldcitiespop.txt","100","true","false"
"com.univocity.articles.jmh.UnivocityParser.parseFile","avgt",1,50,4418.925102190687,13.361813393886225,"us/op","","./worldcitiespop.txt","100","false","false"
"com.univocity.articles.jmh.UnivocityParser.parseFile","avgt",1,50,5855.161682670388,27.89552771802324,"us/op","","./worldcitiespop.txt","1000","true","false"
"com.univocity.articles.jmh.UnivocityParser.parseFile","avgt",1,50,5664.926729786784,22.721978186881103,"us/op","","./worldcitiespop.txt","1000","false","false"
"com.univocity.articles.jmh.UnivocityParser.parseFile","avgt",1,50,20074.643247837663,57.80309860821338,"us/op","","./worldcitiespop.txt","10000","true","false"
"com.univocity.articles.jmh.UnivocityParser.parseFile","avgt",1,50,17217.5731776875,26.487304385783737,"us/op","","./worldcitiespop.txt","10000","false","false"
"com.univocity.articles.jmh.UnivocityParser.parseFile","avgt",1,50,153470.56290500003,447.92995107567884,"us/op","","./worldcitiespop.txt","100000","true","false"
"com.univocity.articles.jmh.UnivocityParser.parseFile","avgt",1,50,129340.11731416664,1018.5536963429232,"us/op","","./worldcitiespop.txt","100000","false","false"
"com.univocity.articles.jmh.UnivocityParser.parseFile","avgt",1,50,1502527.9475999998,30092.728818388532,"us/op","","./worldcitiespop.txt","1000000","true","false"
"com.univocity.articles.jmh.UnivocityParser.parseFile","avgt",1,50,1195599.7797799997,3976.767852594477,"us/op","","./worldcitiespop.txt","1000000","false","false"
"com.univocity.articles.jmh.UnivocityParser.parseFile","avgt",1,50,4836070.84838,108998.79241880581,"us/op","","./worldcitiespop.txt","-1","true","false"
"com.univocity.articles.jmh.UnivocityParser.parseFile","avgt",1,50,3822596.7218,106989.76520069501,"us/op","","./worldcitiespop.txt","-1","false","false"
"com.univocity.articles.jmh.WayIoParser.parseFile","avgt",1,50,28.268377375150845,0.19274768014537177,"us/op","","./worldcitiespop.txt","1","true","false"
"com.univocity.articles.jmh.WayIoParser.parseFile","avgt",1,50,28.234653320154283,0.0936386086414264,"us/op","","./worldcitiespop.txt","1","false","false"
"com.univocity.articles.jmh.WayIoParser.parseFile","avgt",1,50,49.42358891781093,0.10730999893291283,"us/op","","./worldcitiespop.txt","10","true","false"
"com.univocity.articles.jmh.WayIoParser.parseFile","avgt",1,50,43.77885722863857,0.36142873542444925,"us/op","","./worldcitiespop.txt","10","false","false"
"com.univocity.articles.jmh.WayIoParser.parseFile","avgt",1,50,230.69179970036078,1.3949058483683257,"us/op","","./worldcitiespop.txt","100","true","false"
"com.univocity.articles.jmh.WayIoParser.parseFile","avgt",1,50,214.9383712055711,1.2514443709049055,"us/op","","./worldcitiespop.txt","100","false","false"
"com.univocity.articles.jmh.WayIoParser.parseFile","avgt",1,50,2501.0071769740834,52.63681348040445,"us/op","","./worldcitiespop.txt","1000","true","false"
"com.univocity.articles.jmh.WayIoParser.parseFile","avgt",1,50,1941.54409629971,57.18958634007753,"us/op","","./worldcitiespop.txt","1000","false","false"
"com.univocity.articles.jmh.WayIoParser.parseFile","avgt",1,50,24486.330392419055,325.69713428973904,"us/op","","./worldcitiespop.txt","10000","true","false"
"com.univocity.articles.jmh.WayIoParser.parseFile","avgt",1,50,18724.936302083708,434.6973548653898,"us/op","","./worldcitiespop.txt","10000","false","false"
"com.univocity.articles.jmh.WayIoParser.parseFile","avgt",1,50,243148.629956,2692.6289158345776,"us/op","","./worldcitiespop.txt","100000","true","false"
"com.univocity.articles.jmh.WayIoParser.parseFile","avgt",1,50,189917.51861714284,7514.8883169945675,"us/op","","./worldcitiespop.txt","100000","false","false"
"com.univocity.articles.jmh.WayIoParser.parseFile","avgt",1,50,2412708.84006,21933.249889849303,"us/op","","./worldcitiespop.txt","1000000","true","false"
"com.univocity.articles.jmh.WayIoParser.parseFile","avgt",1,50,1856675.2548799994,54173.685997348206,"us/op","","./worldcitiespop.txt","1000000","false","false"
"com.univocity.articles.jmh.WayIoParser.parseFile","avgt",1,50,7465988.173879999,174745.57837890444,"us/op","","./worldcitiespop.txt","-1","true","false"
"com.univocity.articles.jmh.WayIoParser.parseFile","avgt",1,50,5652267.799999998,23902.98021377486,"us/op","","./worldcitiespop.txt","-1","false","false"
